city_name,city_slug,benchmark_name,cell_count,raster_count,coverage_ok,city1_total,benchmark_total,absolute_gap_total,benchmark_to_city1_ratio,pearson_r,spearman_r,top_decile_overlap,hotspot_iou
Almaty,almaty,worldpop,3078,1,True,2351423.9999999995,2272163.0319325235,79260.96806747606,0.9662923538811052,0.8870517728770657,0.8926421303537818,0.3084415584415584,0.182341650671785
Almaty,almaty,ghs_pop,3078,1,True,2351423.9999999995,2346367.316133248,5056.683866751846,0.997849522728886,0.6979696799357195,0.909808123453694,0.6038961038961039,0.4325581395348837
Astana,astana,worldpop,3473,1,True,1649242.0,1420022.0316972462,229219.96830275372,0.8610149582033724,0.8684882701753034,0.7985045293637278,0.5948275862068966,0.4233128834355828
Astana,astana,ghs_pop,3473,1,True,1649242.0,1218472.313010383,430769.68698961707,0.7388074721662333,0.6908526892081285,0.7807196487745427,0.6379310344827587,0.4683544303797468
Shymkent,shymkent,worldpop,4939,1,True,1298279.0,1252789.0962901807,45489.90370981931,0.9649613806355803,0.874778285367782,0.8030968031923228,0.5465587044534413,0.3760445682451253
Shymkent,shymkent,ghs_pop,4939,1,True,1298279.0,1481860.124623777,183581.1246237771,1.141403446118883,0.7638335636564414,0.8100381497156486,0.5991902834008097,0.4277456647398844
