cell_size_meters,cities,total_runs,mean_runtime_seconds,mean_zones,mean_calibration_factor,median_calibration_factor,mean_calibration_distance_from_one,median_calibration_distance_from_one,mean_qa_warning_count,mean_osm_warning_count,mean_top_10pct_population_share,benchmark_score
500,3,3,136.02498166666678,2528.0,1.0141571903748272,1.047772122950935,0.0958804471679744,0.1105926783344819,0.3333333333333333,0.0,0.2885944643731173,0.2485720955013078
1000,3,3,82.93370909999794,681.0,2.871868675304432,3.245738063949726,1.008533685395261,1.1773427708116506,0.0,0.0,0.260912909808521,1.0914673944952586
250,3,3,209.13286230000085,9690.666666666666,0.4229172982487156,0.4610938538652173,0.8970213598887408,0.7741536691464992,1.3333333333333333,0.0,0.3360001115268634,1.1728208888554084
