run_id,uncertainty_bucket,row_count,mean_uncertainty,mean_abs_error
city1_v3_rf500m_e20_20260618T040646Z,0,3227,0.051895535875558535,107.0506052329743
city1_v3_rf500m_e20_20260618T040646Z,1,3226,0.10440427158596223,72.69334154290549
city1_v3_rf500m_e20_20260618T040646Z,2,3226,0.15134794092457088,66.5177836054916
city1_v3_rf500m_e20_20260618T040646Z,3,3226,0.21466421227429036,44.469579950231406
city1_v3_rf500m_e20_20260618T040646Z,4,3227,1.7087248621091082,18.193522915562074
