run_id,fold,validation_protocol,rows,error_uncertainty_pearson,error_uncertainty_spearman,low_band_mean_abs_error,high_band_mean_abs_error
city1_v3_rf500m_e20_20260618T040646Z,1,leave_one_city_out,3078,-0.012952664967713476,-0.4489333330240734,241.28530026915826,14.958096839580096
city1_v3_rf500m_e20_20260618T040646Z,2,leave_one_city_out,3473,-0.06580965270146338,-0.2202224039750466,72.28613132027264,12.579473890303387
city1_v3_rf500m_e20_20260618T040646Z,3,leave_one_city_out,980,-0.25501102855746344,-0.48394292228925645,48.42935593057024,3.817509716944189
city1_v3_rf500m_e20_20260618T040646Z,4,leave_one_city_out,1033,-0.0534558464493474,-0.3544257852414276,48.74075146212509,11.498016532842213
city1_v3_rf500m_e20_20260618T040646Z,5,leave_one_city_out,4939,-0.1288104286867253,-0.38734320727147203,61.86121975408671,4.223774352722365
city1_v3_rf500m_e20_20260618T040646Z,6,leave_one_city_out,1386,-0.14646211866287082,-0.30651414258086285,18.471149997123135,11.683380520798819
city1_v3_rf500m_e20_20260618T040646Z,7,leave_one_city_out,380,-0.09164024154662,-0.38840455499177307,201.44537029026446,66.10690778073406
city1_v3_rf500m_e20_20260618T040646Z,8,leave_one_city_out,863,-0.06724786466291667,-0.42524544854060226,146.30549802222055,22.130966171917564
