city_name,district_reference_row_count,district_count_total,district_count_compared,boundary_warning_count,official_total,predicted_total,absolute_gap_total,mae,rmse,mape,share_mae,share_rmse,pearson_r,spearman_r,source_metrics_path
Almaty,8,8,6,0,1540759.0,1827397.3104288436,286638.31042884337,94209.08837614198,111379.7239003262,37.69069551422359,0.0380339941432324,0.0444186150197441,0.5428396980798866,0.6571428571428573,C:\Users\Asus\Downloads\City1-main\City1-main\reports\district_benchmark_v2\almaty\district_benchmark_metrics.csv
Astana,6,5,5,1,1329810.0,1951231.2654608293,621421.2654608295,169626.3295288148,211191.73256732395,83.18629924397696,0.0918713647475117,0.1019045074738821,-0.2767290459546188,-0.3,C:\Users\Asus\Downloads\City1-main\City1-main\reports\district_benchmark_v2\astana\district_benchmark_metrics.csv
Shymkent,5,4,3,1,748590.0,810457.5363505378,61867.53635053779,108862.19810263596,118069.16839688589,42.697740072416906,0.0809756678598879,0.1029965422915565,-0.1685337847929758,-0.5,C:\Users\Asus\Downloads\City1-main\City1-main\reports\district_benchmark_v2\shymkent\district_benchmark_metrics.csv
