benchmark_name,pearson_r,spearman_r,top_decile_overlap,hotspot_iou
ghs_pop,0.7175519776000964,0.8335219739812952,0.6136724739265574,0.4428860782181716
worldpop,0.8767727761400503,0.8314144876366107,0.4832759497006321,0.3272330341174977
