model_name,validation_protocol,folds,mean_calibrated_mae,mean_calibrated_rmse,mean_calibrated_r2,median_calibrated_rmse,median_calibrated_r2
random_forest,leave_one_city_out,8,66.59169452631158,115.9344583818785,0.9341352569817849,88.28825381291665,0.9408486874740557
ridge,leave_one_city_out,8,728.8132325352822,7609.927839414511,-347.08786821492254,6366.522071464135,-332.0313662382102
random_forest,spatial_block,5,37.28002586174016,76.30078836021816,0.9801839566054182,73.91138242608142,0.98079383194306
ridge,spatial_block,5,416.42534958037385,1039.8171126404795,-2.68975697238731,1032.490319604561,-2.446041467772305
