run_id,model_version,city,city_slug,n_cells,official_total,sum_p50,p50_total_gap_abs,calibrated_member_count,mean_uncertainty_width,median_relative_uncertainty,mean_confidence_score,share_high_confidence,share_medium_confidence,share_low_confidence,hotspot_threshold_p90,n_high_confidence_hotspots,n_low_confidence_hotspots,n_low_value_high_uncertainty,osm_completeness_score,osm_completeness_label,external_agreement_score,district_support_flag,district_interval_coverage_available,district_interval_coverage_rate
city1_v3_rf500m_e20_20260618T040646Z,city1_v3_rf500m_uncertainty,Almaty,almaty,3078,2351424,2351424.0,0.0,20,88.79275921364352,0.1696593416621771,0.5853354644081361,0.2290448343079922,0.6617933723196882,0.1091617933723196,1575.996911516129,212,0,320,75.827,good,0.5,strong,False,
city1_v3_rf500m_e20_20260618T040646Z,city1_v3_rf500m_uncertainty,Astana,astana,3473,1649242,1649242.0,0.0,20,102.92749607006084,0.2808163445048885,0.44372300496532,0.0,0.6372012669162108,0.3627987330837892,1635.2521579319175,0,4,708,65.014,moderate,0.5,mixed,False,
city1_v3_rf500m_e20_20260618T040646Z,city1_v3_rf500m_uncertainty,Semey,semey,1033,315382,315382.0,0.0,20,91.852179320491,0.3493186301151472,0.5181492427345075,0.0338818973862536,0.7967086156824782,0.1694094869312681,617.1791650451117,4,19,136,74.102,good,0.5,not_available,False,
city1_v3_rf500m_e20_20260618T040646Z,city1_v3_rf500m_uncertainty,Shymkent,shymkent,4939,1298279,1298279.0,0.0,20,29.39747392130121,0.17520008650364127,0.47364547943789026,0.0,0.6989269082810285,0.30107309171897145,813.5265241324829,0,89,1167,65.541,moderate,0.5,mixed,False,
