ablation_name,extra_type,benchmark_name,mean_raw_rmse,mean_calibrated_rmse,mean_raw_r2,mean_calibrated_r2,top_decile_overlap,hotspot_iou,pearson_r,spearman_r
full_features,spatial_block,,155.96417423912095,76.30078836021816,0.917137237162202,0.9801839566054182,,,,
full_features,external_benchmark,ghs_pop,,,,,0.6157125794149387,0.4450339581405584,0.7176763982424994,0.8331747248148486
full_features,external_benchmark,worldpop,,,,,0.4842338041067624,0.3282052423712105,0.8774341780182242,0.8310810320566021
built_form_only,spatial_block,,178.52844457494126,96.9180528589479,0.891510861960892,0.9680306224143674,,,,
built_form_only,external_benchmark,ghs_pop,,,,,0.5859229498067974,0.4155331553898697,0.7145699461171328,0.8707572898609933
built_form_only,external_benchmark,worldpop,,,,,0.4670684729668395,0.3134881971180223,0.8701745982068619,0.8543659919257892
