city_name,row_count,missing_feature_columns,negative_feature_values,constant_feature_count,high_zero_share_feature_count,null_latitude,null_longitude,duplicate_zone_ids,building_area_zero_share,road_length_zero_share,total_floor_area_zero_share
almaty,3078,0,0,0,0,0,0,0,0.3723196881091618,0.4087069525666016,0.3723196881091618
astana,3473,0,0,0,0,0,0,0,0.6559170745752951,0.6112870716959401,0.6559170745752951
petropavlovsk,980,0,0,0,1,0,0,0,0.4704081632653061,0.513265306122449,0.4704081632653061
semey,1033,0,0,0,1,0,0,0,0.4123910939012584,0.409486931268151,0.4123910939012584
shymkent,4939,0,0,0,4,0,0,0,0.6636971046770601,0.5448471350475805,0.6636971046770601
taraz,1386,0,0,0,3,0,0,0,0.4163059163059163,0.3686868686868687,0.4163059163059163
uralsk,380,0,0,0,0,0,0,0,0.3026315789473684,0.3026315789473684,0.3026315789473684
ust_kamenogorsk,863,0,0,0,0,0,0,0,0.3499420625724218,0.3707995365005794,0.3499420625724218
